date,no2,o3,co2,so2,pm10,TVV,Fq,NVV,NFq,MVV,FBC,NPI,NI,NBCI,meantemp,mintemp,maxtemp
2013-01-01,0.04,0.008,0.8,0.008,47,1605.862069,8.586206897,597.4137931,2.896551724,208.1031669,332.2413793,0.365611953,1.963418572,1.933133152,-4.7,-8.7,0
2013-01-02,0.019,0.02,0.4,0.007,22,1573.888889,9.555555556,583.0555556,3,180.2894621,341.1111111,0.37178509,1.795390667,2.204609333,-11.7,-15.1,-4.8
2013-01-03,0.025,0.016,0.4,0.008,31,1493.631579,9.473684211,539.1052632,3.263157895,170.5553049,283.6842105,0.348882708,2.126027185,2.13713071,-13.2,-16.4,-9.3
2013-01-04,0.049,0.006,0.6,0.009,45,1569.375,7.75,512.5,2.625,205.4523428,311.875,0.320855633,1.856459366,1.768540634,-10.7,-14.8,-5.8
2013-01-05,0.066,0.002,0.8,0.01,66,1510.444444,8.407407407,545.1851852,2.740740741,200.3788228,292.5925926,0.345887962,1.897320121,1.843420619,-7,-12.1,-1.2
2013-01-06,0.055,0.006,1,0.013,95,1533.92,7.72,527.12,2.48,212.760265,336.4,0.339099801,1.675179221,1.804820779,-6.3,-9.4,-2
2013-01-07,0.063,0.004,0.9,0.01,77,1528.166667,7.75,593.75,2.833333333,204.0191799,311.25,0.386350976,1.966924469,1.866408864,-5.1,-8.8,0.1
2013-01-08,0.056,0.01,0.9,0.011,68,1604.615385,10.61538462,640,3.692307692,161.2206979,273.8461538,0.414580683,2.373020036,2.319287657,-4.6,-6.8,-0.7
2013-01-09,0.025,0.019,0.4,0.008,31,1792.461538,9.230769231,555.5384615,2.846153846,210.3827956,339.6153846,0.339762116,1.809701348,2.036452499,-9,-10.7,-6.4
2013-01-10,0.041,0.011,0.4,0.009,38,1672.333333,8.222222222,696.7777778,2.666666667,357.2103375,484,0.396739875,1.721105458,1.945561209,-8.3,-12.3,-3.6
2013-01-11,0.059,0.003,0.5,0.01,56,1646.923077,8.384615385,623.8461538,2.923076923,207.7135151,356.1538462,0.376253698,1.873628267,2.049448656,-3.2,-7.9,1.4
2013-01-12,0.054,0.004,1.1,0.014,113,1654.0625,6.9375,573.4375,2.1875,252.9007937,384.375,0.374063053,1.51054417,1.67695583,0,-2.7,4.2
2013-01-13,0.064,0.003,1.7,0.014,166,1599.833333,7.222222222,563.6111111,2.5,233.6567019,351.9444444,0.357668542,1.6317904,1.8682096,-0.5,-3,3.3
2013-01-14,0.063,0.008,2,0.012,123,1642.5,7.25,750,2.833333333,253.7716728,431.6666667,0.464867851,1.812700584,2.02063275,-2.1,-4.3,1.8
2013-01-15,0.068,0.004,1.3,0.013,122,1733.1875,7.5625,727.5625,2.5,392.5768849,557.5625,0.407262228,1.568637984,1.931362016,-2.1,-5.5,2
2013-01-16,0.055,0.008,1,0.012,86,1713,7.933333333,580.6666667,2.4,232.0598365,389.3333333,0.336204871,1.524779222,1.875220778,-2.6,-5.8,0.4
2013-01-17,0.038,0.015,1,0.014,112,1591.944444,7.611111111,585.8333333,2.333333333,216.0849868,351.1111111,0.371096124,1.685879555,1.647453778,-5.8,-8.2,-2.5
2013-01-18,0.047,0.01,0.7,0.008,42,1739.166667,7.416666667,609.1666667,2.333333333,244.280754,375.8333333,0.34557514,1.633599155,1.699734178,-4.4,-9.2,0.2
2013-01-19,0.054,0.007,0.9,0.013,73,1723.636364,7.727272727,596.8181818,2.545454545,238.7958481,340,0.348788099,1.785620207,1.759834338,0.5,-2.5,4.6
2013-01-20,0.06,0.006,1.2,0.015,110,1319.761905,7.285714286,474.7619048,2.476190476,192.3437264,299.2857143,0.345986456,1.583708384,1.892482092,1.6,-2,4.1
2013-01-21,0.047,0.005,0.6,0.007,27,1308.235294,7.411764706,386.1764706,2.117647059,185.261402,298.8235294,0.295386805,1.273088075,1.844558984,2.2,1.1,4
2013-01-22,0.046,0.004,0.2,0.007,14,1593.777778,7.611111111,620.1666667,2.444444444,222.9396264,392.7777778,0.395107998,1.627082547,1.817361897,3.8,2,6
2013-01-23,0.036,0.01,0.4,0.006,34,1481.277778,8.666666667,426.6666667,2.555555556,181.9902489,293.8888889,0.303054273,1.61401392,1.941541636,1.8,1,3.8
2013-01-24,0.027,0.02,0.7,0.011,61,1356.923077,7.384615385,548.4615385,2.461538462,197.1722444,343.0769231,0.411598141,1.641445655,1.820092806,-0.9,-6.7,2.4
2013-01-25,0.014,0.024,0.3,0.006,26,1448.529412,8.117647059,469.1176471,2.588235294,192.7029327,285.2941176,0.323958653,1.828286707,1.759948588,-9.1,-10.8,-6.5
2013-01-26,0.019,0.022,0.4,0.007,29,1444.52381,8.428571429,465.7142857,2.666666667,177.9817649,288.0952381,0.316718259,1.752967923,1.913698744,-9.2,-11.9,-5.1
2013-01-27,0.026,0.02,0.5,0.007,31,1496.952381,8.238095238,501,2.571428571,194.9679963,351.7142857,0.335279567,1.681229224,1.890199347,-7.3,-10.7,-3.9
2013-01-28,0.046,0.007,0.7,0.008,45,1781.923077,8.615384615,645.3846154,2.769230769,209.6055334,326.9230769,0.35713168,1.944628824,1.824601945,-3.5,-8.9,0.2
2013-01-29,0.063,0.001,1.1,0.01,75,1769.230769,7.692307692,648.4615385,2.692307692,237.8101343,339.2307692,0.350834073,1.888925293,1.803382399,2.2,-0.3,3.7
2013-01-30,0.071,0.001,1.4,0.01,82,1589.285714,8.5,515.7142857,2.214285714,192.9312255,314.2857143,0.328356239,1.659910714,1.554375,5.4,3.5,8.5
2013-01-31,0.066,0.003,1.2,0.01,82,1866.666667,9.111111111,673.3333333,2.555555556,212.1130952,337.7777778,0.343755264,1.935124671,1.620430885,7.4,3.7,11.5
2013-02-01,0.042,0.011,0.7,0.007,31,1845.277778,8.833333333,729.7222222,3.111111111,218.421057,362.7777778,0.403719965,2.107779789,2.003331322,7.3,3.7,9.3
2013-02-02,0.021,0.019,0.4,0.007,34,1706.633333,7.966666667,557.3333333,2.433333333,227.3732443,341.5,0.325931639,1.707142218,1.726191115,-1.1,-4.5,3.7
2013-02-03,0.034,0.008,0.5,0.006,27,1589.210526,7.394736842,618.9736842,2.473684211,222.2348456,347.1052632,0.37120738,1.831170024,1.642514187,-3.2,-5.8,-1.1
2013-02-04,0.033,0.016,0.6,0.006,26,1679.590909,7.909090909,593.0454545,2.681818182,218.462482,333.4090909,0.350201524,1.842851204,1.838966978,-0.8,-3.3,2.5
2013-02-05,0.056,0.003,1,0.008,52,1678.333333,8.285714286,567.4761905,2.666666667,209.7460509,309.8095238,0.334169924,1.883770142,1.782896524,-0.6,-4,2.7
2013-02-06,0.038,0.016,0.7,0.009,50,1585.384615,8.153846154,526.9230769,2.538461538,194.3367615,318.4615385,0.337135194,1.598517617,1.939943921,-1.5,-3.1,0.2
2013-02-07,0.014,0.025,0.4,0.007,31,1912.5,8.5,686.25,2.875,220.6135913,355,0.375042638,1.993768629,1.881231371,-11.1,-13.8,-2.6
2013-02-08,0.033,0.014,0.5,0.008,39,1750,8.5,553.3333333,2.666666667,205.4259259,306.6666667,0.319420022,1.930972622,1.735694045,-11.5,-15.8,-6.1
2013-02-09,0.041,0.014,0.7,0.008,45,1912.3,9.6,758.8,3.8,218.4584871,380.7,0.397094763,2.11056228,2.68943772,-7.2,-12.3,-2.6
2013-02-10,0.034,0.019,0.7,0.009,43,1550.882353,7.647058824,637.3529412,2.882352941,214.0072721,302.3529412,0.39282037,2.197487061,1.684865881,-4,-8.4,-0.5
2013-02-11,0.032,0.018,0.5,0.007,29,1407.142857,7.714285714,545,2.785714286,201.1693723,298.5714286,0.383568316,2.123730947,1.661983339,-5.8,-10.4,-0.9
2013-02-12,0.05,0.009,0.7,0.008,34,1803.636364,9.636363636,580.4545455,2.863636364,194.4355417,300.4545455,0.319856441,2.081664952,1.781971412,-3.8,-4.8,-1.9
2013-02-13,0.046,0.015,0.7,0.009,48,1543.722222,8.055555556,570.5555556,2.5,208.0126255,351.1111111,0.369496271,1.715531458,1.784468542,-1.3,-6.3,2.9
2013-02-14,0.057,0.009,0.8,0.009,66,1662.105263,8.578947368,606.8421053,2.736842105,211.9573942,323.6842105,0.369476003,1.883515353,1.853326752,1.1,-2.6,5.2
2013-02-15,0.028,0.02,0.5,0.008,47,1509.888889,9.5,503.8888889,2.888888889,168.4057492,272.7777778,0.325948671,1.849448664,2.039440225,-1.2,-5.2,1.5
2013-02-16,0.044,0.012,0.5,0.012,38,1652.916667,9.25,581.0416667,3.166666667,196.7048604,310.8333333,0.362493299,2.055262304,2.111404363,-2.6,-7,2.6
2013-02-17,0.052,0.008,0.6,0.011,40,1451.136364,7.363636364,550,2.590909091,222.866096,313.6363636,0.390665602,1.929065419,1.661843672,2.3,-2.1,5.8
2013-02-18,0.033,0.016,0.5,0.009,46,1470,7.75,475,2.208333333,207.2078049,344.1666667,0.316481401,1.529889388,1.678443945,0.5,-2.5,3.1
2013-02-19,0.017,0.026,0.3,0.008,31,1731.5,7.772727273,644.2272727,2.681818182,234.8814214,359.5454545,0.367197599,1.772431067,1.909387114,-2.9,-7.1,0.6
2013-02-20,0.03,0.019,0.4,0.01,30,1406.5,7.35,509,2.3,207.8728799,311,0.364649037,1.734922899,1.565077101,-4.8,-8.7,0
2013-02-21,0.039,0.016,0.5,0.01,34,1628.4,8.666666667,556,2.533333333,192.5691634,332.6666667,0.358854941,1.676943129,1.856390205,-1.7,-5.3,2.5
2013-02-22,0.032,0.022,0.5,0.012,62,1730.470588,7.882352941,571.4705882,2.411764706,240.4483066,365.4117647,0.340750986,1.619271462,1.792493244,0.5,-3.1,4.3
2013-02-23,0.024,0.026,0.4,0.01,36,1606.666667,7.523809524,530.952381,2.19047619,219.1454339,328.5714286,0.314984132,1.609925914,1.580550277,-0.9,-4.4,2.4
2013-02-24,0.038,0.015,0.6,0.011,42,1516.521739,6.913043478,495.4347826,2.043478261,225.0725687,350.6521739,0.331689121,1.379825999,1.663652262,1.4,-2.4,5.3
2013-02-25,0.066,0.005,0.9,0.011,50,1741.875,7.875,680,2.6875,229.7533196,365,0.401203205,1.900236198,1.787263802,3.3,-0.7,8.6
2013-02-26,0.064,0.006,0.8,0.011,58,1726.8,9.2,533,2.8,196.5094628,336,0.308647495,1.666143344,2.133856656,4.8,2.5,7.5
2013-02-27,0.043,0.015,0.5,0.01,68,1657.142857,6.857142857,574.2857143,2.142857143,240.0204082,312.8571429,0.332318118,1.751513759,1.391343384,3.4,0.8,8.8
2013-02-28,0.053,0.014,0.7,0.011,74,1480,7.181818182,606.3636364,2.636363636,218.501443,304.5454545,0.39896095,1.975626956,1.660736681,6.7,-1.1,13.9
2013-03-01,0.016,0.032,0.3,0.008,51,1535.555556,7.666666667,553.8888889,2.777777778,209.1821512,317.7777778,0.361127683,1.782677209,1.995100568,0.8,-2.4,7.7
2013-03-02,0.02,0.029,0.3,0.008,33,1260,7.133333333,477.3333333,2.533333333,185.7468254,276,0.391453291,1.762324916,1.771008417,-0.8,-4.4,3.1
2013-03-03,0.025,0.023,0.4,0.009,35,1671,7.95,539.75,2.45,220.2505501,340,0.341458908,1.689792514,1.760207486,0.4,-3.5,4.8
2013-03-04,0.042,0.018,0.6,0.012,66,1329,7.2,485,2.466666667,187.8513228,312.6666667,0.367972654,1.600344607,1.866322059,3.1,-0.7,8.9
2013-03-05,0.041,0.02,0.7,0.012,77,1413.333333,8,459.3333333,2.4,201.1219503,304,0.344261529,1.642972151,1.757027849,3.7,-0.7,9.1
2013-03-06,0.053,0.021,0.7,0.011,82,1266.25,6.75,378.75,1.875,235.1826299,348.75,0.282124959,1.47016369,1.40483631,7.9,0.9,14.3
2013-03-07,0.034,0.043,0.5,0.009,129,1436.636364,6.272727273,411.1818182,1.727272727,248.1791847,378.6363636,0.330363706,1.202968194,1.524304533,8,4.3,11.7
2013-03-08,0.041,0.033,0.7,0.01,127,1545.882353,7.411764706,463.5294118,2.176470588,228.5433537,360.5882353,0.312664181,1.369157441,1.807313148,8.5,3.8,14.1
2013-03-09,0.044,0.042,0.7,0.011,132,1586.95,7.2,583,2.25,229.5042208,385.5,0.378268556,1.602949988,1.647050012,13.2,6.2,23.8
2013-03-10,0.013,0.037,0.2,0.007,47,1587.666667,7.222222222,560.2777778,2.166666667,232.0844356,372.5,0.356826906,1.532909539,1.633757127,1.2,-1.5,7.9
2013-03-11,0.042,0.018,0.5,0.008,49,1487.5,7,465,2.083333333,216.0898268,357.5,0.322277884,1.317986522,1.765346811,4.2,-2.6,12.1
2013-03-12,0.056,0.013,0.6,0.01,52,1645,7.944444444,547.2222222,2.722222222,212.4514976,316.6666667,0.346154874,1.845798613,1.876423609,7.5,1.6,11.7
2013-03-13,0.028,0.025,0.3,0.007,22,1638.25,7.85,731.25,2.95,215.6836941,393,0.445834496,2.033921623,1.916078377,5.2,1.8,8.4
2013-03-14,0.031,0.024,0.3,0.007,23,1519.535714,7.714285714,513.1071429,2.571428571,214.9344693,320,0.33960429,1.69024829,1.881180281,4.1,0.9,9.8
2013-03-15,0.044,0.019,0.5,0.01,50,1513.761905,8.19047619,512.8095238,2.714285714,213.9899762,332.8571429,0.342101494,1.673206496,2.041079218,4.6,0,10.5
2013-03-16,0.045,0.016,0.4,0.01,38,1660,7.851851852,565.1851852,2.481481481,235.5154691,351.8518519,0.359142463,1.662971549,1.818509932,6.3,1.6,12.7
2013-03-17,0.044,0.018,0.5,0.01,49,1621.818182,7.727272727,611.3636364,2.409090909,223.1722747,374.0909091,0.379016684,1.680788497,1.728302412,8.2,3.4,15.9
2013-03-18,0.028,0.026,0.3,0.007,23,1616,8,551.75,2.5,215.9198413,339.5,0.353006682,1.654850484,1.845149516,8.3,5.3,14.2
2013-03-19,0.034,0.017,0.5,0.008,48,1439.722222,7.5,501.6666667,2.111111111,196.7428266,352.2222222,0.360432389,1.473130273,1.637980838,8,5.2,11.4
2013-03-20,0.021,0.026,0.3,0.007,29,1574.285714,7.857142857,685,2.928571429,206.6816675,353.5714286,0.430013339,1.952397583,1.976173845,2.8,-2.5,8.5
2013-03-21,0.03,0.024,0.4,0.009,37,1502.1875,7.3125,518.75,2.375,216.5486562,368.75,0.347523255,1.475498678,1.899501322,1.5,-4,7.2
2013-03-22,0.043,0.014,0.5,0.009,40,1628.157895,8.578947368,541.8421053,2.578947368,200.050351,307.6315789,0.333097796,1.791311533,1.787635835,3.4,0.9,6.9
2013-03-23,0.041,0.019,0.2,0.008,59,1354.285714,7.642857143,507.8571429,2.571428571,191.7224541,295.7142857,0.387799528,1.74505869,1.826369881,5.4,-1.2,12.1
2013-03-24,0.019,0.041,0.2,0.008,43,1415.833333,8.166666667,444.1666667,2.333333333,174.9203551,268.3333333,0.326227749,1.683594666,1.649738667,5.1,1.8,10.2
2013-03-25,0.017,0.036,0.2,0.007,38,1450,8.5,510.8333333,2.75,184.454046,310,0.345400372,1.652026215,2.097973785,2.8,-0.7,7.8
2013-03-26,0.039,0.02,0.4,0.008,42,1247,7.2,352,2.2,171.8126984,275,0.280808457,1.349714286,1.850285714,4.4,-0.9,10.4
2013-03-27,0.05,0.019,0.4,0.01,38,1287.142857,6.142857143,621.4285714,2.714285714,215.7261905,365.7142857,0.509145406,1.705442177,2.008843537,7.5,1.4,14.9
2013-03-28,0.041,0.017,0.4,0.008,37,1358.333333,7.111111111,323.3333333,1.666666667,198.8392857,331.1111111,0.24538145,1.068295121,1.598371546,7.3,4.4,12
2013-03-29,0.021,0.033,0.4,0.008,40,1483.684211,8.105263158,536.3157895,2.789473684,190.6418099,300.5263158,0.365797422,1.89050619,1.898967494,5.4,0.6,10.4
2013-03-30,0.027,0.031,0.4,0.007,39,1714.888889,8.444444444,651.1111111,3.055555556,209.9614675,337.7777778,0.382718168,1.97304343,2.082512125,4.9,2.3,10.2
2013-03-31,0.033,0.027,0.5,0.008,41,1685.555556,8.833333333,595,2.666666667,196.5460275,328.3333333,0.365664987,1.806896805,1.859769861,6.3,1,13.2
2013-04-01,0.054,0.018,0.6,0.009,60,1758.947368,9.157894737,617.3684211,3,201.2736313,312.1052632,0.356218365,1.980449301,2.019550699,9.2,3.3,13.4
2013-04-02,0.037,0.021,0.5,0.007,29,1768.611111,8.777777778,693.8888889,3.222222222,205.9617003,338.6111111,0.394982365,2.073621242,2.14860098,7.2,5.8,9.5
2013-04-03,0.033,0.032,0.6,0.009,50,1651.052632,8.473684211,648.6842105,3.105263158,202.1548656,329.4736842,0.396739016,1.999856182,2.105406976,7.9,3.9,14.1
2013-04-04,0.065,0.027,0.8,0.013,108,1503.928571,8.357142857,522.8571429,2.785714286,188.2983386,280,0.352355178,1.94312007,1.842594216,12.6,5.6,19.8
2013-04-05,0.081,0.026,1.1,0.013,163,1510,8.588235294,528.2352941,2.941176471,183.3117732,297.0588235,0.347162139,1.871140536,2.070035935,14.6,10.1,19.9
2013-04-06,0.03,0.033,0.6,0.008,54,1447.727273,7.772727273,477.2727273,2.272727273,198.4928014,310.9090909,0.317312766,1.522950049,1.749777223,7.5,2.5,13
2013-04-07,0.015,0.04,0.3,0.006,18,1733.25,8.35,657.5,2.7,214.25818,327.5,0.376814954,1.984159195,1.715840805,5.1,2,9.6
2013-04-08,0.025,0.039,0.4,0.008,41,1646.785714,8.214285714,621.0714286,2.928571429,221.3420112,353.5714286,0.39263101,1.865626772,2.062944657,8,2.5,13.8
2013-04-09,0.016,0.037,0.4,0.008,60,1402.647059,8,475,2.529411765,188.8792972,267.3529412,0.340805477,1.80431099,1.725100775,6.2,3.2,10.7
2013-04-10,0.018,0.037,0.3,0.007,28,1284.0625,7.0625,466.5625,2.5,193.3534226,274.6875,0.361800042,1.741761981,1.758238019,5,1.3,8.1
2013-04-11,0.017,0.038,0.4,0.008,35,1529.736842,7.421052632,486.8421053,2.210526316,213.4866252,350.5263158,0.32221441,1.468283832,1.742242484,5.5,3.7,9.6
2013-04-12,0.02,0.036,0.3,0.007,29,1470.555556,7.5,488.3333333,2.5,207.3320507,343.8888889,0.346839804,1.590434707,1.909565293,6.9,2.2,11.9
2013-04-13,0.024,0.042,0.4,0.009,42,1352.75,7.4,550,2.65,190.3338745,310,0.404741429,1.857772772,1.792227228,11.4,3.4,17.5
2013-04-14,0.012,0.05,0.3,0.007,57,1408.333333,7.416666667,456.4583333,2.25,195.9631734,303.3333333,0.33318702,1.555582828,1.694417172,8.3,4.2,12.2
2013-04-15,0.035,0.018,0.4,0.008,49,1614.117647,8.294117647,497.3529412,2.588235294,200.774913,347.9411765,0.321864999,1.570822751,2.017412543,7.5,2.6,12.5
2013-04-16,0.034,0.032,0.4,0.008,57,1406.45,7.9,556,2.9,188.5885379,313,0.395248741,1.832840959,2.067159041,13.2,8.6,19.1
2013-04-17,0.027,0.027,0.4,0.007,43,1521.285714,8.5,660.2142857,3.285714286,198.830705,305,0.443821638,2.297617097,1.988097189,14.8,10.3,20.6
2013-04-18,0.023,0.039,0.4,0.008,53,1577.5,8.6875,578.75,3,192.5014205,329.375,0.360339438,1.792479306,2.207520694,12.3,9,16.3
2013-04-19,0.022,0.039,0.3,0.007,32,1674.15,8.9,573.5,3,197.6204705,332.5,0.353173058,1.825905292,2.174094708,9.8,5.1,15
2013-04-20,0.039,0.016,0.4,0.007,28,1550,8.833333333,457.2222222,2.611111111,182.4098725,291.6666667,0.296820678,1.602719769,2.008391342,6.6,4,10.1
2013-04-21,0.022,0.047,0.5,0.008,60,1395,7.888888889,438.3333333,2.111111111,191.3781465,312.7777778,0.317742754,1.469318182,1.641792929,9,4.2,15.3
2013-04-22,0.035,0.039,0.5,0.01,60,1836.428571,9.214285714,602.8571429,3.142857143,208.3514244,351.4285714,0.332646989,1.771643733,2.37121341,11.4,5.6,17.2
2013-04-23,0.052,0.019,0.5,0.008,41,1672.857143,8.142857143,440,2.428571429,223.494898,362.8571429,0.290072529,1.294165569,2.134405859,11.2,9.7,14.8
2013-04-24,0.023,0.042,0.4,0.008,31,1738.333333,6.333333333,641.6666667,2,291.2433862,441.6666667,0.365561302,1.532556333,1.467443667,12.3,8.3,18
2013-04-25,0.025,0.04,0.5,0.009,60,2001.25,9.25,668.75,3,251.9543651,420,0.336141037,1.93436206,2.06563794,9.3,7.9,13.8
2013-04-26,0.026,0.035,0.4,0.008,39,1755.5,9.1,592,3.1,213.6064769,328,0.34257602,1.968502131,2.131497869,11.7,6.9,16.3
2013-04-27,0.034,0.035,0.4,0.009,46,1704.375,8.75,543.125,2.875,205.5200667,326.875,0.328480869,1.85790381,2.01709619,12.8,8.2,18.5
2013-04-28,0.025,0.039,0.4,0.008,32,1687.142857,8.214285714,620.7142857,2.785714286,219.4366388,352.1428571,0.385594118,1.907247161,1.878467124,16,10.3,21.6
2013-04-29,0.017,0.048,0.4,0.008,38,1275,7.111111111,438,2.333333333,188.1984127,273.5555556,0.34739632,1.661925669,1.671407664,13.5,9,17.7
2013-04-30,0.03,0.033,0.5,0.01,55,1546.111111,7.111111111,421.6666667,2,234.1115859,365.5555556,0.30370174,1.296331232,1.703668768,13.4,7.7,19.5
2013-05-01,0.017,0.036,0.3,0.006,38,1451.647059,7,478.2352941,2.235294118,258.2800288,373.5294118,0.317978303,1.421093412,1.814200706,13.2,8.7,18.6
2013-05-02,0.029,0.026,0.4,0.008,34,1561,8.4,536,2.7,209.8016484,355,0.355306208,1.700748499,1.999251501,12.4,9,17.1
2013-05-03,0.033,0.029,0.4,0.009,44,1695,8.3,570,2.7,223.3611111,337,0.318292359,1.818450374,1.881549626,12.6,9,18.2
2013-05-04,0.025,0.05,0.4,0.008,53,1975.714286,9.428571429,718.5714286,3,219.7359585,327.1428571,0.374578772,2.288214745,1.711785255,13.9,9.3,19.6
2013-05-05,0.024,0.049,0.4,0.008,46,1881.333333,9.333333333,688,3,199.6382275,366.6666667,0.346465513,1.79202381,2.20797619,14.3,9.2,20.6
2013-05-06,0.034,0.04,0.4,0.01,41,1986.2,9.8,798.2,4,212.8508547,420,0.416163327,2.075238257,2.924761743,14.6,7.9,21.3
2013-05-07,0.047,0.036,0.5,0.011,69,1741,9.4,502,2.6,219.6704261,392,0.280822657,1.546018355,2.053981645,18.7,11.9,26.7
2013-05-08,0.042,0.043,0.4,0.01,51,1867.5,9,587.5,2.625,226.9122024,461.25,0.292729964,1.280285989,2.344714011,19.4,12.7,26.2
2013-05-09,0.048,0.03,0.5,0.01,60,1457.692308,9,494.6153846,2.692307692,180.0406805,280,0.317457311,1.935820205,1.756487488,18.1,14.7,23
2013-05-10,0.02,0.034,0.3,0.007,22,1650,9.866666667,624,3.4,187.2002109,286.6666667,0.37162312,2.496573761,1.903426239,14,10.4,16.1
2013-05-11,0.019,0.062,0.5,0.01,69,1891.818182,10.72727273,599.0909091,3.363636364,191.0537846,440,0.333426098,1.656740558,2.706895805,17.9,11,24.8
2013-05-12,0.013,0.08,0.5,0.01,97,1602,7.571428571,489.8571429,2.285714286,211.0871985,323.5714286,0.298086374,1.522893937,1.762820348,19.1,16.4,22.5
2013-05-13,0.021,0.067,0.4,0.009,70,1619.833333,9,624.8333333,3.333333333,177.3465608,271.6666667,0.392057692,2.346287594,1.987045739,21.6,17.7,26.8
2013-05-14,0.027,0.041,0.4,0.01,47,1455.454545,8.272727273,563.1818182,2.727272727,187.7273055,361.8181818,0.391696051,1.64160965,2.085663077,20.2,17,25.3
2013-05-15,0.024,0.037,0.3,0.008,57,1482.222222,8.666666667,476.6666667,2.888888889,179.1317941,252.2222222,0.33036664,2.073302469,1.81558642,19.4,15.6,24.4
2013-05-16,0.019,0.043,0.3,0.006,19,1449.166667,7.916666667,444.1666667,2.5,215.3128307,329.1666667,0.303112848,1.533932838,1.966067162,22,15.3,28.3
2013-05-17,0.02,0.046,0.3,0.007,24,1455,9,542.2727273,3,176.0878427,283.6363636,0.362964282,2.010546643,1.989453357,20.2,15.7,26.6
2013-05-18,0.033,0.033,0.4,0.009,39,1456,9.4,710,3.4,165.1739316,323,0.494275758,2.3053711,2.0946289,17.7,13.7,22.3
2013-05-19,0.015,0.045,0.3,0.006,13,1742.777778,8.666666667,725.5555556,3.222222222,246.9568086,382.2222222,0.405933734,1.982192351,2.240029871,16.6,13.6,21.5
2013-05-20,0.02,0.036,0.3,0.007,37,1675,7.857142857,640,2.857142857,265.4411462,408.5714286,0.406892824,1.828287982,2.028854875,14.4,12.1,18.5
2013-05-21,0.037,0.017,0.4,0.009,36,1837.5,9.75,612.5,2.5,189.3337218,437.5,0.320949399,1.458676046,2.041323954,17.7,10.2,24.6
2013-05-22,0.052,0.022,0.6,0.01,61,1720,8.25,825,3.25,220.5416667,500,0.481192138,1.672252747,2.577747253,19.7,13.9,25.9
2013-05-23,0.047,0.049,0.7,0.011,98,1753.333333,8.666666667,830,3.333333333,210.594697,378.3333333,0.480609782,2.28640873,2.046924603,22.1,15.4,30.2
2013-05-24,0.05,0.03,0.6,0.012,94,1702.5,7.625,680,2.625,228.531746,363.75,0.406903107,1.885405983,1.739594017,21.3,15.7,27.5
2013-05-25,0.055,0.025,0.6,0.011,90,1385,7.25,646.25,2.375,205.3571429,343.75,0.442385608,1.741071429,1.633928571,24.7,18.2,31.8
2013-05-26,0.024,0.05,0.4,0.011,85,1572.222222,7.777777778,625.5555556,2.888888889,217.6228956,333.3333333,0.395939866,1.99984127,1.889047619,23.9,20.8,28.4
2013-05-27,0.03,0.023,0.4,0.007,48,1608.571429,8.571428571,624.2857143,2.857142857,208.9298083,337.1428571,0.389049911,1.958979592,1.898163265,19.7,17.7,22.6
2013-05-28,0.022,0.015,0.3,0.006,14,1538,7.6,565,2.8,226.6190476,371,0.383049327,1.685503684,2.114496316,18.9,17.6,20.9
2013-05-29,0.025,0.013,0.4,0.008,30,1408.333333,7.166666667,718.3333333,3,229.2857143,383.3333333,0.530847806,2.044973545,1.955026455,16.1,14.9,18.1
2013-05-30,0.031,0.018,0.5,0.01,63,1230.285714,6.285714286,467.1428571,2.142857143,211.4107143,346,0.375602453,1.447208126,1.695649016,19.2,14.3,25
2013-05-31,0.051,0.019,0.5,0.01,56,1400,7.857142857,497.1428571,2.857142857,183.213255,317.1428571,0.367109434,1.74960657,2.107536287,21.3,13.9,27.8
2013-06-01,0.043,0.019,0.5,0.01,63,1565.357143,9.071428571,554.6428571,3.142857143,175.315386,338.9285714,0.374516217,1.735639754,2.407217389,21.7,17.4,27.9
2013-06-02,0.037,0.024,0.5,0.009,55,1520.357143,8.428571429,551.7857143,2.857142857,185.4777365,332.8571429,0.354717058,1.687215279,2.169927578,23.5,16.3,30.8
2013-06-03,0.034,0.018,0.5,0.01,56,1453.181818,7.545454545,659.0909091,3.090909091,212.6765873,361.8181818,0.453441099,1.924107559,2.166801532,21.3,18.4,26.7
2013-06-04,0.04,0.023,0.4,0.009,41,1465,8.5,501.6666667,2.833333333,181.4444444,271.6666667,0.338997894,2.025701052,1.807632282,22.8,17.5,28.4
2013-06-05,0.038,0.026,0.5,0.009,46,2000,10,500,3,200,350,0.25,1.428571429,2.571428571,24.8,19.1,30.4
2013-06-06,0.038,0.017,0.4,0.01,42,1536.111111,7.888888889,543.3333333,3,188.7439474,341.1111111,0.375254585,1.634128435,2.365871565,25,21.7,30
2013-06-07,0.033,0.02,0.4,0.009,37,1440.833333,8.583333333,600.8333333,3.166666667,187.2089947,297.5,0.418985319,2.567272467,1.599394199,25.7,20.7,31.1
2013-06-08,0.037,0.052,0.4,0.011,50,1479.166667,9.25,502.5,2.833333333,170.2777778,305.8333333,0.363689255,2.035752774,1.79758056,26.4,21,31.2
2013-06-09,0.023,0.056,0.3,0.009,34,1256.363636,7.727272727,487.2727273,2.909090909,183.0450938,264.5454545,0.406266856,2.29105995,1.618030959,27.4,22.3,32.4
2013-06-10,0.024,0.056,0.3,0.008,29,1494.444444,7.555555556,693.3333333,2.888888889,203.7649912,388.8888889,0.446800744,1.793468577,2.095420312,27.5,21.6,32.2
2013-06-11,0.022,0.041,0.3,0.008,24,1560.416667,7.416666667,705.8333333,3.166666667,222.2166832,336.6666667,0.473745304,2.091669673,2.074996994,23.7,20.5,26.7
2013-06-12,0.023,0.021,0.3,0.008,12,1913.75,9.125,818.75,3.75,220.0248467,357.5,0.434949201,2.409762211,2.340237789,20.5,19.6,22.5
2013-06-13,0.035,0.032,0.4,0.009,51,1997.142857,8.571428571,847.1428571,3.428571429,232.0310245,318.5714286,0.444461245,2.670649351,1.757922078,23,18.8,27.5
2013-06-14,0.036,0.04,0.5,0.01,55,1897.857143,8.285714286,796.4285714,3.285714286,231.2556689,344.2857143,0.43311804,2.346911345,1.938802941,24.6,20.9,29.7
2013-06-15,0.025,0.037,0.4,0.009,30,1688.571429,7.857142857,656.4285714,2.714285714,220.638322,335,0.389951529,1.960111763,1.754173951,24.6,21.3,29.1
2013-06-16,0.021,0.028,0.3,0.008,24,1779.285714,7.714285714,715.7142857,2.714285714,231.2358277,368.5714286,0.405702596,1.967659645,1.74662607,22.5,19.8,27.5
2013-06-17,0.024,0.021,0.3,0.008,24,1872,7.6,768,3,248.5753968,400,0.412970951,1.920507937,2.079492063,22.3,19.9,25.8
2013-06-18,0.031,0.003,0.4,0.008,22,1612.857143,7.571428571,678.5714286,3,220.7471655,332.8571429,0.418860228,2.119458832,1.880541168,21.7,20.5,23.1
2013-06-19,0.035,0.018,0.4,0.008,34,1216,8,432,3,161.1666667,236,0.355204546,1.91740991,2.08259009,24.3,20.6,29.6
2013-06-20,0.043,0.03,0.5,0.009,42,1508.571429,8.285714286,517.1428571,2.714285714,188.8618524,317.1428571,0.354304774,1.649617347,2.064668367,25.8,20.9,31.1
2013-06-21,0.043,0.04,0.5,0.008,49,1360.357143,8.857142857,578.9285714,3,167.4489823,302.1428571,0.397274701,2.10803288,1.89196712,26.6,22.9,31.8
2013-06-22,0.03,0.045,0.4,0.007,52,1273.823529,8.352941176,545.2941176,3,173.4685365,305.5882353,0.407565899,1.935886619,2.064113381,25.1,22.7,29.6
2013-06-23,0.015,0.048,0.4,0.007,31,1190.666667,8.066666667,475.3333333,2.8,165.0445767,283.3333333,0.397193517,1.999369114,1.800630886,22.9,20.6,26.2
2013-06-24,0.026,0.048,0.4,0.006,45,1333.75,7.4,500.25,2.5,200.6273178,322.5,0.377987201,1.721692859,1.778307141,23.5,19.6,29.4
2013-06-25,0.034,0.043,0.4,0.007,42,1578.666667,7.333333333,595.3333333,2.533333333,228.7868335,400,0.400754587,1.654821073,1.87851226,25.1,21,29.8
2013-06-26,0.029,0.041,0.4,0.008,33,1496.363636,6.363636364,517.2727273,2.090909091,249.9332612,381.8181818,0.335750906,1.375707205,1.715201886,24.5,21.1,29.7
2013-06-27,0.027,0.043,0.4,0.006,35,1650,6.666666667,763.3333333,2.666666667,251.3492063,430,0.486122609,1.867708333,1.798958333,25.1,20.4,31.8
2013-06-28,0.027,0.037,0.4,0.006,32,1770,5.666666667,753.3333333,2.333333333,316.3888889,416.6666667,0.432722662,1.841666667,1.491666667,25.5,21.5,30.6
2013-06-29,0.03,0.043,0.4,0.006,35,1667,7.8,478,2,241.0547619,338,0.294239246,1.496012759,1.503987241,27.2,21.8,32.6
2013-06-30,0.027,0.061,0.4,0.007,52,1856.25,7.5,840,2.875,255.8789336,402.5,0.42204777,1.922835726,1.952164274,27.7,23.4,31.9
2013-07-01,0.03,0.056,0.4,0.008,46,1349.615385,7.538461538,480.3846154,2.615384615,198.2505518,333.0769231,0.376816754,1.700473685,1.914910931,27.1,23.9,31.3
2013-07-02,0.014,0.038,0.3,0.006,32,1728.076923,8.307692308,686.9230769,2.692307692,227.3941336,424.6153846,0.400412628,1.707038114,1.985269578,24.3,21.5,27.9
2013-07-03,0.016,0.059,0.3,0.005,26,1846.882353,8.352941176,738.9411765,2.764705882,248.6790321,440,0.384889262,1.855615042,1.90909084,25.2,20.5,30.7
2013-07-04,0.014,0.036,0.4,0.005,43,1690.3125,9,605,3.1875,203.9251061,348.75,0.348825009,1.890105676,2.297394324,24.9,23.1,27.6
2013-07-05,0.021,0.039,0.3,0.005,30,1755.384615,9.076923077,621.5384615,3.307692308,214.5262964,355.3846154,0.356204715,2.0163323,2.291360008,25.6,22.1,30.2
2013-07-06,0.02,0.047,0.4,0.006,58,1581.818182,8.363636364,665.4545455,2.818181818,210.2810245,340.9090909,0.384811745,1.978584957,1.839596861,25.2,21.6,30.6
2013-07-07,0.023,0.022,0.4,0.006,35,1946.666667,9.333333333,618.8888889,2.777777778,213.8050345,372.2222222,0.306416669,1.633019919,2.144757859,24.9,22.4,29.5
2013-07-08,0.014,0.021,0.2,0.005,15,1707.5,9,569.1666667,2.5,190.6939935,378.3333333,0.29973384,1.380160455,2.119839545,24.3,22.3,26.3
2013-07-09,0.016,0.032,0.3,0.005,25,1496.2,9.4,546.8,2.9,164.5623314,278.8,0.364046649,2.094959875,1.805040125,24.5,23.5,26.2
2013-07-10,0.013,0.03,0.3,0.005,30,1721.666667,8.777777778,665,3,204.6694324,363.3333333,0.419468772,1.900771451,2.099228549,25.3,24.6,26.1
2013-07-11,0.013,0.03,0.3,0.005,34,1720,8.666666667,493.3333333,2.5,210.3781034,298.3333333,0.280025779,1.826785714,1.673214286,24.6,23.8,25.1
2013-07-12,0.011,0.015,0.2,0.005,21,2018.555556,9.888888889,685.5555556,3.333333333,209.2433462,358.8888889,0.349406964,1.950209356,2.383123978,23.6,23.2,24.3
2013-07-13,0.017,0.007,0.3,0.006,14,1647.777778,8.111111111,565.5555556,2.666666667,202.4492144,356.6666667,0.36104635,1.580765845,2.085900821,24.2,22.2,25.6
2013-07-14,0.012,0.011,0.2,0.005,16,1796.666667,9.777777778,645.5555556,3.111111111,190.7028835,328.8888889,0.377088059,2.074759545,2.036351566,24.1,23.1,25.4
2013-07-15,0.013,0.009,0.2,0.005,15,1640,7,638,2.8,235.6230159,410,0.452983178,1.762333333,2.037666667,26.5,23.6,29.1
2013-07-16,0.011,0.012,0.2,0.005,14,1721.666667,7.666666667,665,2.666666667,224.0793651,370,0.386806161,1.866451613,1.800215054,26.9,25.2,28.8
2013-07-17,0.018,0.016,0.2,0.005,15,1907.5,7.333333333,768.3333333,2.5,269.7083333,470,0.409713054,1.692111592,1.807888408,24.2,23.5,25.7
2013-07-18,0.018,0.01,0.3,0.006,15,1565,7.333333333,461.6666667,2,235.9512987,360,0.314160632,1.281678263,1.718321737,25.1,23.8,27.7
2013-07-19,0.013,0.011,0.3,0.006,16,1373.545455,7,517.2727273,2.181818182,197.6374459,336.3636364,0.384914138,1.547422945,1.634395237,26.8,23.3,30.5
2013-07-20,0.011,0.012,0.2,0.006,15,1787.222222,8.222222222,516.6666667,2.555555556,229.1338785,347.7777778,0.30903097,1.636632927,1.918922629,27,25.3,30.3
2013-07-21,0.009,0.025,0.2,0.005,21,1615.1875,8.125,646.25,2.875,221.8402778,368.75,0.413143812,1.801772218,2.073227782,26.8,25.6,28.4
2013-07-22,0.011,0.027,0.2,0.005,19,1596.875,8.4375,660,3.1875,203.9923791,358.75,0.440032774,1.915064226,2.272435774,26.4,24.1,29.4
2013-07-23,0.012,0.027,0.3,0.005,28,1681.944444,8.277777778,562.7777778,2.666666667,223.6485741,373.3333333,0.329002718,1.63591234,2.030754327,25.7,24.7,26.4
2013-07-24,0.012,0.045,0.5,0.005,34,1599.277778,8.444444444,516.7777778,2.722222222,213.5226852,367.7777778,0.315985866,1.575492869,2.146729354,24.7,23.2,27.6
2013-07-25,0.013,0.067,0.6,0.006,76,1442.857143,7.571428571,610,2.857142857,232.5835078,310,0.441772518,2.031250219,1.825892639,26,22.9,30.2
2013-07-26,0.017,0.064,0.6,0.006,87,1757.142857,8,674.2857143,2.714285714,228.3189033,314.2857143,0.378409247,2.228798186,1.485487528,26.5,23.1,31.1
2013-07-27,0.024,0.042,0.5,0.006,48,1437.5,7.625,508.75,2.5,200.5142045,293.75,0.349955927,1.791143298,1.708856702,26.2,23.1,31.2
2013-07-28,0.017,0.027,0.4,0.006,35,1354.6875,8.3125,426.25,2.5,178.4542081,273.125,0.309633419,1.663255776,1.836744224,25.3,23.9,26.7
2013-07-29,0.013,0.049,0.6,0.005,57,1734,10.2,583,3.2,190.7300824,337,0.36405751,1.995579832,2.204420168,26.5,24.4,29.6
2013-07-30,0.02,0.038,0.5,0.005,37,1908.857143,8.142857143,731.4285714,2.714285714,264.8558941,384.2857143,0.373684744,2.022634508,1.691651206,26.3,24,29.9
2013-07-31,0.013,0.049,0.4,0.005,37,1745,7.6,658,2.4,242.0936508,446,0.376419243,1.53122807,1.86877193,26.4,24.7,29
2013-08-01,0.019,0.05,0.5,0.006,33,1579.230769,7.615384615,622.3076923,2.615384615,217.4965867,333.8461538,0.386603511,1.854463749,1.760920866,28,24.5,32.1
2013-08-02,0.034,0.014,0.5,0.006,35,1497.916667,7.166666667,598.75,2.5,220.0089286,361.6666667,0.363654079,1.661247996,1.838752004,27.4,25.2,29.3
2013-08-03,0.012,0.02,0.2,0.005,18,1780.714286,8.071428571,702.1428571,3,227.9804779,345.7142857,0.398998495,2.041524943,1.958475057,28.9,26.7,32.6
2013-08-04,0.012,0.041,0.3,0.005,41,1455,7.307692308,529.2307692,2.307692308,202.1510989,292.3076923,0.351113281,1.800554534,1.507137774,28.3,26.4,31.3
2013-08-05,0.014,0.041,0.4,0.005,43,1482,7.9,611,2.9,201.1845238,317,0.397357099,1.88828022,2.01171978,27.7,26.4,30.1
2013-08-06,0.027,0.027,0.3,0.006,30,1514,6.9,581,2.5,224.5106421,330,0.359441357,1.777321169,1.722678831,26.4,23,27.6
2013-08-07,0.027,0.034,0.4,0.006,41,1800.416667,7.666666667,719.1666667,3,243.9252646,451.6666667,0.414563533,2.032711128,1.967288872,28.7,25,32.1
2013-08-08,0.016,0.046,0.4,0.005,48,1474.666667,7.4,573.3333333,2.466666667,203.6137566,347.3333333,0.389305017,1.714418061,1.752248605,29.3,27.3,32.8
2013-08-09,0.014,0.055,0.4,0.005,74,1515.652174,7.695652174,552.6086957,2.608695652,212.9124004,338.6956522,0.356514121,1.671042932,1.93765272,29.2,27.9,30.8
2013-08-10,0.023,0.045,0.5,0.005,60,1539.565217,8.086956522,528.2608696,2.565217391,198.693174,320.4347826,0.340620029,1.763023631,1.802193761,28,25.8,29.4
2013-08-11,0.023,0.04,0.5,0.006,37,1631.111111,7.833333333,602.2222222,2.777777778,219.3864238,350,0.378248297,1.815456155,1.962321623,28.7,24.2,33.2
2013-08-12,0.017,0.029,0.3,0.006,25,1440.416667,7.166666667,487.0833333,2.333333333,205.9525463,295.8333333,0.342301877,1.633025195,1.700308138,29.3,27.1,32.6
2013-08-13,0.014,0.021,0.2,0.006,14,1535.555556,7.555555556,631.1111111,2.666666667,206.2720459,306.6666667,0.404890711,2.072374883,1.594291783,29,26.6,32.9
2013-08-14,0.016,0.02,0.2,0.006,14,1388.181818,7.727272727,557.2727273,2.818181818,182.0717893,310,0.403301416,1.944210593,1.873971225,28.6,26.2,32
2013-08-15,0.014,0.014,0.2,0.006,14,1538.25,7.25,546.25,2.3,229.7469517,377,0.355274269,1.596078523,1.703921477,28.7,25.8,32.4
2013-08-16,0.014,0.017,0.2,0.005,12,1386,6.95,443,1.8,203.5478327,370,0.317123846,1.204618661,1.595381339,28.7,26.1,31.7
2013-08-17,0.011,0.017,0.2,0.005,18,1439.444444,6.444444444,473.8888889,2.055555556,237.3639771,385.5555556,0.327922461,1.271253114,1.784302441,28.7,27.1,31.6
2013-08-18,0.009,0.017,0.2,0.005,30,1524.444444,7,509.4444444,2.055555556,220.108666,360.5555556,0.342888268,1.426099543,1.629456013,28.3,26,31.5
2013-08-19,0.019,0.029,0.3,0.006,25,1600.666667,6.666666667,468.6666667,2,242.3555556,348.6666667,0.319603059,1.386449735,1.613550265,28.2,25.7,32.3
2013-08-20,0.036,0.028,0.5,0.007,31,1684.166667,7.583333333,514.1666667,2.416666667,220.9772589,335.8333333,0.307219679,1.519090863,1.897575804,27.4,23,32.3
2013-08-21,0.027,0.051,0.4,0.006,28,1747.5,8.5,707.5,3.5,205.4794372,362.5,0.431000649,1.972321429,2.527678571,28.8,24.2,33.9
2013-08-22,0.029,0.036,0.4,0.008,33,1323,6.6,498,2.4,197.9607143,302,0.384285042,1.677805078,1.722194922,29.3,26.3,32.3
2013-08-23,0.024,0.013,0.3,0.006,17,1632.222222,6.666666667,612.2222222,2.666666667,245.2962963,367.7777778,0.413071154,1.706391427,1.96027524,25.7,23.7,28.7
2013-08-24,0.025,0.031,0.4,0.007,27,1396.5,6.7,400,1.6,225.9206349,320,0.275424647,1.251331169,1.348668831,26.6,21.9,31.5
2013-08-25,0.023,0.031,0.4,0.006,25,1357.777778,7.666666667,502.2222222,2.555555556,207.979798,318.8888889,0.359979146,1.640798399,1.914757156,27.1,22,32.1
2013-08-26,0.027,0.034,0.4,0.006,25,1573.5,8.7,533,2.5,210.6988636,340,0.344383787,1.756118623,1.743881377,27,22.8,31.6
2013-08-27,0.022,0.049,0.5,0.007,47,1798.75,8.375,751.25,3,241.515873,402.5,0.425189727,1.930929487,2.069070513,25.6,22.5,29.3
2013-08-28,0.023,0.039,0.5,0.007,51,1403.333333,7.333333333,596.6666667,2.333333333,206.5954185,346.6666667,0.410723113,1.825148032,1.508185301,26.4,22.7,30.8
2013-08-29,0.014,0.035,0.5,0.006,39,1520,8.75,570,3.25,175.4375,290,0.371697211,1.974195076,2.275804924,25.5,24.5,26.7
2013-08-30,0.016,0.037,0.4,0.005,21,1542,8.8,819,3.6,208.7028388,441,0.484189185,2.357438706,2.242561294,25.1,22.3,28.3
2013-08-31,0.021,0.024,0.4,0.005,21,1415.454545,8.545454545,513.7272727,2.818181818,196.2367094,284.0909091,0.362272173,2.031679251,1.786502567,24,21.1,27.9
2013-09-01,0.02,0.025,0.3,0.006,20,1559.571429,7.285714286,688.8095238,2.761904762,227.6391723,367.1428571,0.44111356,1.88606992,1.875834842,23.5,19.8,28.2
2013-09-02,0.021,0.031,0.3,0.006,23,1540.625,7.375,685.625,2.9375,207.4655258,319.375,0.476251951,2.140791371,1.796708629,22.4,17.3,26.9
2013-09-03,0.019,0.026,0.3,0.005,17,1345.384615,7.307692308,489.2307692,2.230769231,189.3163781,303.8461538,0.360675753,1.713431272,1.517337959,21.7,16.4,26.8
2013-09-04,0.021,0.027,0.3,0.005,16,1513.333333,7.933333333,594.0666667,2.8,213.0138817,320.6666667,0.392937335,1.955053103,1.844946897,22,16.4,27.5
2013-09-05,0.027,0.018,0.3,0.005,16,1337.142857,6.571428571,447.1428571,2,213.1411565,310,0.335088644,1.478859236,1.521140764,21.2,17.9,24.1
2013-09-06,0.022,0.021,0.3,0.005,12,1631.916667,7.5,594.1666667,2.5,215.8202261,334.1666667,0.37311443,1.767607561,1.732392439,20.8,19,23.1
2013-09-07,0.022,0.032,0.3,0.005,15,1505.6,7.133333333,584.6666667,2.6,218.9184343,324.6666667,0.39193554,1.772810051,1.827189949,21.9,17.9,26.9
2013-09-08,0.019,0.04,0.4,0.006,35,1499.904762,7.571428571,567.5238095,2.428571429,217.0509715,356.1904762,0.404521092,1.673656185,1.754915243,22.9,18.4,27.9
2013-09-09,0.034,0.025,0.5,0.008,55,1405.517241,7.724137931,516.2068966,2.75862069,194.5726103,317.9310345,0.39737584,1.843687226,1.914933463,23,19.8,26.5
2013-09-10,0.037,0.021,0.6,0.007,60,1498.571429,7.5,555.7142857,2.607142857,206.3083553,343.5714286,0.370215816,1.646239853,1.960903004,22,19.1,25.2
2013-09-11,0.034,0.017,0.5,0.005,21,1408.421053,7.421052632,433.1578947,2.210526316,191.8797182,282.6315789,0.340071891,1.550530493,1.659995823,20.1,19.1,20.9
2013-09-12,0.035,0.013,0.6,0.006,29,1676.666667,8.666666667,626.6666667,3.19047619,201.5104618,315.2380952,0.396839569,2.14718916,2.043287031,23,20.3,26.3
2013-09-13,0.023,0.019,0.4,0.005,15,1671.692308,8.692307692,606.1538462,3.076923077,200.7051565,333.0769231,0.363270996,1.902806656,2.174116421,22.9,20.9,25.2
2013-09-14,0.023,0.022,0.3,0.005,13,1630.192308,8,602.6923077,2.807692308,211.6255507,331.5384615,0.367820437,1.84818649,1.959505817,23.1,21.5,25.3
2013-09-15,0.018,0.029,0.3,0.006,20,1419.565217,7.173913043,499.1304348,2.565217391,207.7192892,300.8695652,0.376222193,1.804336063,1.760881329,23.4,20.3,28.2
2013-09-16,0.028,0.019,0.3,0.006,22,1524.642857,7.5,627.1428571,2.357142857,217.9270254,364.2857143,0.408344232,1.777686024,1.579456833,20.9,15.2,27
2013-09-17,0.045,0.017,0.5,0.007,25,1608.571429,6.714285714,565.7142857,2,245.7335601,371.4285714,0.335738158,1.62429723,1.37570277,22.6,17,29.3
2013-09-18,0.036,0.03,0.5,0.007,37,1468.125,7.125,650,2.625,213.952381,327.5,0.448738744,2.078304335,1.546695665,24.4,17.5,31.1
2013-09-19,0.017,0.048,0.4,0.006,35,1599.8,8,628,2.8,209.6835642,349,0.412918512,1.890980392,1.909019608,24.7,20.5,30.2
2013-09-20,0.017,0.045,0.4,0.007,34,1631,8,705,3.3,209.9410173,342,0.456173093,2.318421192,1.981578808,23.4,20.1,28
2013-09-21,0.018,0.031,0.3,0.006,27,1398.666667,7.666666667,507,2.533333333,207.1796296,308,0.364934429,1.696265935,1.837067399,23.8,19.9,27.8
2013-09-22,0.012,0.033,0.2,0.005,16,1482.0625,7.5625,602.5,2.625,204.3831845,338.75,0.396302303,1.79860767,1.82639233,23.1,20.4,27.2
2013-09-23,0.022,0.032,0.3,0.005,23,1954.444444,7.777777778,701.1111111,2.555555556,253.8623136,392.2222222,0.351482465,1.878571429,1.676984127,23.8,18.6,29
2013-09-24,0.025,0.021,0.4,0.006,21,1684.1,9.7,607,3.4,188.202381,340,0.38573637,1.970895307,2.429104693,22,20,23.9
2013-09-25,0.015,0.027,0.3,0.005,17,1203.333333,9.333333333,323.3333333,2.666666667,131.2698413,223.3333333,0.303280324,1.363690476,2.30297619,19.5,15.3,24.2
2013-09-26,0.024,0.027,0.3,0.006,19,2101.428571,10.57142857,767.1428571,3.285714286,207.992008,328.5714286,0.377050803,2.284206349,2.001507937,17.3,12.7,22.5
2013-09-27,0.037,0.025,0.4,0.007,29,1796.666667,8.75,730,3.25,204.9111768,306.6666667,0.406331247,2.358229117,1.891770883,17.9,10.9,24
2013-09-28,0.049,0.016,0.5,0.008,38,1613.928571,8.5,552.5,2.714285714,197.8723974,278.5714286,0.355570926,2.082861094,1.63142462,17.4,15.2,19.9
2013-09-29,0.023,0.021,0.4,0.005,13,1395,8.375,545.625,3,174.3875153,267.5,0.380292897,1.996751876,2.003248124,17.2,14.7,19.7
2013-09-30,0.023,0.021,0.3,0.005,8,1528.75,10,635,2.875,157.0267406,313.75,0.412130909,2.014408541,1.860591459,20.7,18,25.5
2013-10-01,0.033,0.022,0.4,0.006,20,1420.294118,8.647058824,615.2941176,3.294117647,185.7714834,313.5294118,0.422538465,2.040037544,2.254080103,21.6,17.2,27.2
2013-10-02,0.023,0.03,0.4,0.007,27,1374.642857,7.285714286,508.9285714,2.5,198.9671202,340.7142857,0.360256724,1.503913309,1.996086691,19.4,15,22.8
2013-10-03,0.018,0.027,0.3,0.005,20,1500.833333,7.75,623.3333333,2.916666667,204.9371693,340.8333333,0.418750465,1.862168346,2.054498321,16.3,11,21.3
2013-10-04,0.037,0.015,0.5,0.006,27,1493.636364,7.272727273,513.6363636,2.363636364,220.2055621,357.2727273,0.353282321,1.658005328,1.705631036,17.4,10.7,25.1
2013-10-05,0.037,0.01,0.5,0.006,19,1356.928571,6.714285714,598.2142857,2.357142857,213.696712,386.7857143,0.426564223,1.650282106,1.706860751,20,12.6,28.1
2013-10-06,0.021,0.022,0.3,0.005,12,1371.764706,7.352941176,494.7058824,2.294117647,194.4135244,316.4705882,0.374301638,1.751325953,1.542791695,20.8,15.4,25.7
2013-10-07,0.031,0.012,0.4,0.006,16,1417.692308,6.615384615,606.9230769,2.230769231,290.244894,426.9230769,0.474770362,1.545374721,1.68539451,22.8,19.8,26.9
2013-10-08,0.025,0.006,0.4,0.006,14,2013.636364,8.818181818,813.6363636,3.181818182,239.3542569,410,0.406910706,1.985473237,2.196344945,20,18,21.8
2013-10-09,0.028,0.016,0.4,0.006,17,1701.111111,8.777777778,586.6666667,2.888888889,207.2757736,352.2222222,0.356457289,1.744016254,2.144872635,20.5,15.5,26.4
2013-10-10,0.038,0.003,0.7,0.007,28,1465,8.375,420,2.625,187.1001984,292.5,0.266411361,1.471272812,2.153727188,21.1,15.9,26.4
2013-10-11,0.014,,0.2,0.006,12,1674.466667,7.666666667,675.8,2.933333333,235.4629269,373.3333333,0.383508509,1.873424503,2.05990883,18.1,14.1,20.7
2013-10-12,0.021,,0.3,0.006,24,1496.388889,7.944444444,510.5555556,2.611111111,198.9178792,328.8888889,0.345770576,1.67279321,1.938317901,16.4,11,21.5
2013-10-13,0.032,,0.5,0.006,31,1638.666667,8.277777778,615.8888889,2.888888889,204.1007943,362.8333333,0.391731689,1.823553942,2.065334947,17.3,12.2,23.4
2013-10-14,0.026,0.038,0.5,0.007,30,1780.454545,8.181818182,575,2.545454545,223.4091893,399.0909091,0.327673546,1.443364481,2.102090065,18.3,13.3,24.4
2013-10-15,0.011,0.013,0.4,0.005,25,1735.714286,8.857142857,561.4285714,2.857142857,210.0020341,351.4285714,0.344990285,1.859873888,1.997268969,12,7.7,17.4
2013-10-16,0.012,0.016,0.3,0.005,14,2266.25,11,812.5,4,225.9989788,331.25,0.35684607,2.617637845,2.382362155,11.2,6.1,16.8
2013-10-17,0.02,0.006,0.5,0.007,26,1876.666667,8.166666667,753.3333333,3,236.6549654,348.3333333,0.400458705,2.249662524,1.750337476,12.4,6.8,18.9
2013-10-18,0.019,0.011,0.5,0.006,25,1839.166667,8.666666667,711.6666667,3.25,217.5138889,329.1666667,0.356536756,2.09989899,2.15010101,13.6,8.1,20.2
2013-10-19,0.018,0.009,0.5,0.006,20,1605.769231,7.846153846,569.2307692,2.538461538,214.8184871,343.0769231,0.363396835,1.690059027,1.848402512,14.6,9.8,19.5
2013-10-20,0.016,0.014,0.4,0.006,17,1586.052632,7.684210526,683.1578947,3,213.4353147,334.2105263,0.448003726,2.095219502,1.904780498,16.7,11.7,22.9
2013-10-21,0.015,0.009,0.4,0.006,14,1620.583333,9.5,749.75,3.833333333,175.6229049,274.1666667,0.444724101,2.606669394,2.22666394,16.2,12,22.2
2013-10-22,0.03,0.016,0.3,0.005,15,1506.666667,7.333333333,473.3333333,2,200.952381,340,0.333508419,1.436819172,1.563180828,15.9,11.3,21.7
2013-10-23,0.032,0.015,0.3,0.005,20,1634.285714,7.571428571,514.2857143,2.285714286,217.6445578,365.7142857,0.288863829,1.343406593,1.942307692,16.2,12.2,22.1
2013-10-24,0.028,0.017,0.4,0.006,35,1761.111111,8.222222222,666.6666667,2.777777778,227.688953,397.7777778,0.382377158,1.690746164,2.087031614,13.1,7.8,18.5
2013-10-25,0.017,0.022,0.3,0.005,39,1683.846154,8,576.9230769,2.615384615,218.8187667,352.3076923,0.326076055,1.646784933,1.968599682,9.3,5.3,14.5
2013-10-26,0.03,0.014,0.5,0.005,38,1683.928571,8.5,562.8571429,2.5,200.0218254,322.1428571,0.340131924,1.849672219,1.650327781,10,4.3,15.7
2013-10-27,0.034,0.019,0.5,0.006,38,1467.142857,7.428571429,500.7142857,2.428571429,210.800737,327.8571429,0.36620149,1.686834741,1.741736688,11.4,5.1,18
2013-10-28,0.055,0.007,0.7,0.007,45,1784.583333,8.416666667,597.5,2.583333333,223.9558081,335,0.345988778,1.932512534,1.6508208,11.6,6.7,16.7
2013-10-29,0.043,0.015,0.7,0.007,49,1328,7.8,388,2.6,190.9761905,270,0.290719157,1.440761905,2.159238095,12.7,9.5,16.5
2013-10-30,0.031,0.014,0.5,0.006,22,1349,7.8,501,2.7,187.8021146,288,0.346155478,1.759579739,1.940420261,10.5,6.4,16.2
2013-10-31,0.051,0.005,0.7,0.006,32,1446.666667,9,600,3.166666667,163.4511785,318.3333333,0.425069002,1.95082672,2.215839947,11.7,5.5,18.8
2013-11-01,0.055,0.009,0.7,0.006,40,1510.555556,8.333333333,502.2222222,2.833333333,184.5070747,290,0.326231505,1.739223025,2.094110309,14.8,8.6,20.7
2013-11-02,0.058,0.004,0.7,0.007,40,1467.8125,7.25,548.75,2.375,222.5815972,338.125,0.374906709,1.662029937,1.712970063,11.6,8.6,14.9
2013-11-03,0.041,0.01,0.7,0.007,43,1728.947368,9,657.8947368,3.052631579,201.0753581,339.7368421,0.396652508,1.925370489,2.12726109,11.9,7.8,16.7
2013-11-04,0.04,0.012,0.7,0.007,40,1804.923077,9.384615385,561.4615385,3.153846154,200.9003251,350,0.33030283,1.678486208,2.475359946,12.6,9.2,17.6
2013-11-05,0.049,0.01,0.8,0.007,43,1629.285714,8.071428571,666.4285714,2.642857143,212.699994,355,0.404494356,1.906312298,1.736544845,12.3,7.5,18.5
2013-11-06,0.047,0.011,0.7,0.007,44,1987.142857,9,612.8571429,2.714285714,221.5685941,325.7142857,0.326491163,1.996848073,1.717437642,12.2,9,15.9
2013-11-07,0.019,0.022,0.3,0.006,36,1859.166667,7.666666667,670.8333333,2.166666667,242.1607143,374.1666667,0.38496765,1.830764788,1.335901879,12.2,7.5,15.8
2013-11-08,0.036,0.007,0.4,0.006,21,2070.625,8.5,730.625,2.875,244.0927198,348.75,0.333690765,2.135664155,1.739335845,9,4,14.5
2013-11-09,0.043,0.004,0.5,0.006,26,1866.666667,8.833333333,796.6666667,3.5,222.6944444,321.6666667,0.427748982,2.478154036,2.021845964,11.6,9.2,15.5
2013-11-10,0.012,0.024,0.2,0.005,13,1671.428571,8.428571429,354.2857143,1.857142857,204.7402597,318.5714286,0.203647899,1.053219955,1.803922902,5.5,2.1,10.4
2013-11-11,0.021,0.018,0.3,0.006,28,1834.166667,7.666666667,606.6666667,2.833333333,244.4964827,355,0.347351975,1.794287065,2.039046268,2.6,-1.4,7.5
2013-11-12,0.024,0.016,0.3,0.005,19,1970,7.75,678.3333333,2.416666667,264.4323894,390.8333333,0.340502279,1.730925568,1.685741098,3.4,-1.1,8.5
2013-11-13,0.048,0.004,0.6,0.007,32,2270,9.5,919,3.2,251.3812229,513,0.386539106,2.119063278,2.080936722,4.8,-0.9,11.4
2013-11-14,0.062,0.001,0.8,0.009,36,1895.714286,10.42857143,612.8571429,3,186.3367347,340,0.319600013,1.714342404,2.285657596,6.7,3.1,9.9
2013-11-15,0.037,0.001,,0.007,78,1471.764706,7.882352941,446.4705882,2.294117647,204.605042,337.0588235,0.325079014,1.45871455,1.835403097,8.2,5.8,12.4
2013-11-16,0.036,0.001,,0.007,66,1345.625,7.0625,396.5625,1.8125,217.4317956,328.125,0.300947833,1.23278951,1.57971049,7,2.4,12
2013-11-17,0.015,0.007,,0.006,19,1455,7.15,507,2.4,216.5660714,323,0.344669002,1.637009745,1.762990255,5.2,2.2,7.6
2013-11-18,0.014,0.011,0.2,0.005,16,1578.571429,8,515.7142857,2.142857143,202.7362915,300,0.318806236,1.64978355,1.493073593,1.1,-1.5,4.2
2013-11-19,0.018,0.014,0.3,0.006,21,1870.909091,8.727272727,646.3636364,2.727272727,223.767316,362.7272727,0.343325261,1.882244088,1.84502864,1.1,-1.7,3.8
2013-11-20,0.024,0.012,0.3,0.006,21,1451.25,7.5,612.5,2.75,204.5347222,360,0.416259408,1.721748992,2.028251008,1.5,-1.9,5.9
2013-11-21,0.033,0.008,0.5,0.007,22,1594.444444,8.111111111,614.4444444,2.888888889,199.7537678,321.1111111,0.392121976,1.925749559,1.96313933,2.6,-1.4,7.3
2013-11-22,0.048,0.005,0.9,0.01,51,1539.692308,6.923076923,670,2.615384615,236.5606338,380.7692308,0.444310453,1.798950019,1.816434596,4.6,-0.7,10.5
2013-11-23,0.054,0.009,1.1,0.011,87,1793.461538,6.769230769,598.4615385,2.230769231,265.6852869,388.4615385,0.325694632,1.574934589,1.655834642,7.1,2.2,12.5
2013-11-24,0.043,0.013,0.7,0.009,78,1546,6.933333333,622,2.6,231.344709,364,0.396188211,1.826356224,1.773643776,7.3,4.4,10.6
2013-11-25,0.018,0.02,0.3,0.006,15,1540,8.272727273,619.0909091,2.818181818,199.9451004,333.6363636,0.401523515,1.871646593,1.946535225,4.7,-0.1,10.2
2013-11-26,0.028,0.012,0.4,0.006,24,1488.571429,9.285714286,581.4285714,3.142857143,182.4301948,318.5714286,0.398393372,1.823285147,2.319571995,2.1,-2.4,5.8
2013-11-27,0.025,0.012,0.4,0.006,19,1463.333333,13,670,5,120.9206349,240,0.454741552,2.807407407,3.192592593,0,-4.3,4.7
2013-11-28,0.019,0.016,0.3,0.006,52,1790,8.5,935,4,215.3787879,275,0.564912454,3.39,1.61,-3.8,-6.4,-0.9
2013-11-29,0.034,0.01,0.5,0.007,40,1154.285714,8.142857143,395.7142857,3,141.3663004,234.2857143,0.321057773,1.724527905,2.275472095,-0.7,-5.4,4.8
2013-11-30,0.046,0.007,0.6,0.008,38,1673.333333,9.555555556,580,3,188.595178,304.4444444,0.346028866,2.243570291,1.756429709,5.3,-1.1,10.6
2013-12-01,0.037,0.009,0.6,0.008,53,1544.363636,8.136363636,571.6363636,2.636363636,199.0918798,335,0.365324174,1.783322094,1.853041542,4.5,1.4,8.6
2013-12-02,0.055,0.002,0.9,0.009,51,1615.869565,8.260869565,642.826087,3.086956522,202.5562143,327.3913043,0.404481635,1.959894331,2.127062191,3.9,0.1,6.6
2013-12-03,0.048,0.008,0.8,0.014,68,1821.578947,9.052631579,672.1052632,3.157894737,210.4794548,341.0526316,0.360182678,1.974241334,2.183653402,6.7,4.5,9.9
2013-12-04,0.057,0.009,0.9,0.01,72,1844.5,8.3,539,2.3,233.9873016,374,0.302597858,1.526904762,1.773095238,5.5,2.1,9.6
2013-12-05,0.051,0.001,1.1,0.011,107,1595.625,7.75,453.75,2.125,210.6344697,336.875,0.267740843,1.489640063,1.635359937,5.5,2.1,9
2013-12-06,0.032,0.004,0.4,0.008,25,1734.166667,7.916666667,533.3333333,2.25,260.1944444,354.1666667,0.29996061,1.53124398,1.71875602,3,-0.7,7
2013-12-07,0.041,0.004,0.5,0.007,24,1624.583333,7.166666667,471.6666667,2,283.1685907,388.3333333,0.324296554,1.369411376,1.630588624,6.2,3.8,11
2013-12-08,0.047,0.002,0.7,0.007,37,1765.882353,7.117647059,627.6470588,2.470588235,280.0109711,398.8235294,0.376335352,1.802744635,1.667843601,4.2,2.5,6.5
2013-12-09,0.038,0.005,0.7,0.007,31,1543.076923,6.769230769,442.3076923,2.153846154,238.9798535,395.3846154,0.286045482,1.200287123,1.953559031,3.8,1.9,5.2
2013-12-10,0.029,0.012,0.5,0.008,35,1554.6875,7.5,626.25,3,221.4650298,353.75,0.395010563,1.847301148,2.152698852,0.3,-2.2,3.5
2013-12-11,0.024,0.014,0.4,0.007,20,1565,7.4,481,2.5,215.0416667,318,0.311472602,1.756441175,1.743558825,-1.7,-4.3,0.2
2013-12-12,0.029,0.009,0.4,0.007,23,1879.166667,9.333333333,691.6666667,3.166666667,216.3194444,391.6666667,0.373136072,1.8525,2.314166667,-3.2,-6.3,0.3
2013-12-13,0.023,0.013,0.3,0.006,39,1502.5,9,457,3.2,170.1729409,336,0.310271055,1.810983437,2.389016563,-6.8,-8.9,-4.3
2013-12-14,0.044,0.003,0.5,0.007,26,1502.5,8.25,568.75,3,187.2435215,290.4166667,0.378558421,1.977725201,2.022274799,-4.9,-8.5,-1.4
2013-12-15,0.04,0.009,0.5,0.007,28,1666.875,8.3125,562.5,2.625,228.8542794,343.75,0.336344371,1.806418191,1.818581809,-4.4,-8,0.7
2013-12-16,0.06,0.002,0.9,0.008,46,1700.769231,7.538461538,615.3846154,2.538461538,229.2147297,348.4615385,0.358149663,1.750080914,1.788380625,-3.6,-7.3,0.5
2013-12-17,0.066,0.002,1.1,0.009,60,1630.416667,8,535.4166667,2.5,208.6699735,340.4166667,0.331295311,1.543604924,1.956395076,-0.3,-5.5,4.7
2013-12-18,0.056,0.004,0.9,0.008,29,1478.692308,7.076923077,558.6923077,2.307692308,215.1080753,335,0.361222707,1.606561814,1.701130493,2.2,-0.9,6.5
2013-12-19,0.02,0.019,0.4,0.007,30,1376.25,8.25,690,3.5,167.5,292.5,0.468678082,2.311694678,2.188305322,-3.5,-6.5,-0.9
2013-12-20,0.034,0.006,0.7,0.012,69,1768,7.6,650,2.6,232.1857143,318,0.387083525,2.073813814,1.526186186,-4,-8.1,-0.1
2013-12-21,0.045,0.012,0.7,0.008,71,1337.5,7.166666667,441.6666667,2.333333333,186.8015873,283.3333333,0.304251224,1.491594517,1.841738817,-3.1,-6.3,0.9
2013-12-22,0.042,0.009,0.6,0.007,31,1497.777778,7.333333333,652.7777778,2.666666667,206.7283951,352.2222222,0.396256144,1.818501879,1.848164788,-2.1,-6.8,3.1
2013-12-23,0.045,0.009,0.5,0.007,32,1790.416667,9.166666667,652.5,3.166666667,198.389881,333.3333333,0.383650552,2.01209167,2.154574996,-1.1,-3.7,2.3
2013-12-24,0.068,0.003,0.9,0.008,61,1481.666667,8.083333333,531.6666667,2.666666667,185.3503002,312.5,0.368762127,1.742735043,1.923931624,-1.6,-5.9,4
2013-12-25,0.07,0.003,1,0.009,66,1426.923077,8.538461538,533.0769231,2.692307692,168.6954434,291.5384615,0.374753896,1.840101565,1.852206127,-0.5,-4.4,3.7
2013-12-26,0.048,0.007,0.7,0.009,51,1790,8,632,2,238.5460317,490,0.323859019,1.245518926,1.754481074,-0.5,-4,2.7
2013-12-27,0.024,0.017,0.4,0.008,42,1746.666667,7.666666667,553.3333333,2,224.1269841,350,0.323589504,1.535661376,1.464338624,-6.8,-9.3,-3.7
2013-12-28,0.031,0.014,0.4,0.006,20,1480,7.166666667,531.6666667,2.166666667,203.9087302,290,0.346996535,1.778549383,1.388117284,-6.5,-9.8,-2.7
2013-12-29,0.044,0.008,0.6,0.007,27,2105,7.5,1150,3,292.7708333,745,0.492891622,1.998253542,2.001746458,-2.9,-8,1.6
2013-12-30,0.053,0.006,0.9,0.014,71,1478.333333,7.333333333,452.5,2.333333333,201.484127,295,0.318831814,1.562119262,1.771214071,2.2,-1.9,6.3
2013-12-31,0.046,0.007,0.8,0.014,94,1887.5,8.666666667,550,2.333333333,229.4424603,341.6666667,0.28909182,1.4875,1.845833333,3.8,0.5,8
2014-01-01,0.031,0.014,0.5,0.009,108,1750.769231,7.384615385,649.6153846,2.538461538,240.6849817,358.0769231,0.364992456,1.818349562,1.720111976,4,0.3,7.9
2014-01-02,0.04,0.009,0.6,0.009,47,1678.571429,8.285714286,597.1428571,3,217.1399434,378.5714286,0.370234645,1.659342404,2.340657596,1.5,-1.3,6.2
2014-01-03,0.058,0.003,0.9,0.01,54,1677.777778,7.111111111,646.6666667,2.444444444,235.1697531,350,0.378202226,1.819417989,1.625026455,2.3,-1.1,7.3
2014-01-04,0.038,0.006,0.5,0.007,39,1817.142857,7.857142857,648.5714286,2.428571429,233.574045,368.5714286,0.34787275,1.76614338,1.662428048,-0.1,-3.7,5.6
2014-01-05,0.043,0.006,0.6,0.007,36,1310.125,7.25,546.25,2.5,185.3608631,292.5,0.413525888,1.887946429,1.612053571,-0.8,-4.3,3.8
2014-01-06,0.063,0.002,0.9,0.01,61,1483.75,8.625,556.25,3,169.7222222,300,0.377510152,1.824644886,2.175355114,0.8,-3.7,6.4
2014-01-07,0.069,0.002,0.9,0.011,69,1547,8.7,604,3,186.2315476,324,0.404275743,1.879133419,2.120866581,3,0.3,5.5
2014-01-08,0.038,0.01,0.6,0.01,58,1654.285714,10.14285714,601.4285714,3.428571429,165.66163,297.1428571,0.355488268,2.095631849,2.33293958,0.5,-5.7,4
2014-01-09,0.021,0.02,0.3,0.005,16,1663.75,6.25,687.5,2.25,288.3407738,462.5,0.43155284,1.671199634,1.578800366,-7.8,-10.4,-4.3
2014-01-10,0.045,0.006,0.5,0.008,34,1666.625,8.875,578.125,3.125,214.4178166,335,0.344867459,1.828869048,2.296130952,-4.7,-9.3,-0.9
2014-01-11,0.053,0.004,0.7,0.009,42,1958.888889,9.777777778,700,3,220.8440156,377.7777778,0.342742687,1.930302227,2.069697773,-1.7,-5.4,2.4
2014-01-12,0.039,0.013,0.6,0.009,53,1767.777778,9,512.2222222,2.777777778,212.4191549,357.7777778,0.299537113,1.549729512,2.228048266,-2.4,-7.7,2.5
2014-01-13,0.033,0.013,0.4,0.006,26,1815,7.75,867.5,3.25,237.1339286,342.5,0.485762926,2.524574373,1.725425627,-6.2,-10.5,-1.6
2014-01-14,0.049,0.007,0.6,0.007,37,1528.333333,7.5,416.6666667,2.166666667,199.4563492,306.6666667,0.27612175,1.399220273,1.767446394,-4.3,-8.9,1.1
2014-01-15,0.056,0.006,0.8,0.009,51,1540,8.2,604,2.8,203.8214286,304,0.37104105,2.06369281,1.73630719,-2.9,-7.6,2.2
2014-01-16,0.065,0.002,0.9,0.012,88,1490.833333,8.333333333,556.6666667,2.333333333,193.6759259,360,0.371437881,1.713806836,1.619526497,0.1,-4,3.6
2014-01-17,0.07,0.003,1.3,0.011,106,1698.75,8,701.25,2.875,234.3402257,407.5,0.414972788,1.954761407,1.920238593,-0.1,-3.7,3.8
2014-01-18,0.029,0.017,0.5,0.008,51,2125.272727,9.181818182,749.0909091,3,232.9353147,358.1818182,0.35899958,2.12032768,1.87967232,-2.2,-4.9,0.8
2014-01-19,0.039,0.009,0.5,0.009,43,1831.25,8.75,609.0625,2.6875,224.4444132,364.375,0.330613624,1.725267008,1.962232992,-2.6,-7.4,2.4
2014-01-20,0.043,0.006,0.7,0.008,56,1756.5,9.3,582,2.9,195.957437,325,0.35242518,1.88060442,2.01939558,-1.5,-4.2,1.9
2014-01-21,0.037,0.013,0.7,0.012,91,1688.75,9.5,696.25,3.5,196.6607143,300,0.410750557,2.316875,2.183125,-5.5,-7.2,-3.1
2014-01-22,0.059,0.007,0.8,0.01,72,1300,6.5,210,1.5,211.25,350,0.161538462,0.6,1.9,-3.9,-9.5,1.6
2014-01-23,0.065,0.005,0.9,0.009,40,1512.5,8,512.5,2.75,193.8541667,302.5,0.366854228,1.782440476,1.967559524,-0.8,-5.2,4.1
2014-01-24,0.069,0.002,0.9,0.009,44,1736,10.83333333,606.5,3.5,158.525641,275,0.34516217,2.163492063,2.336507937,3,-1.1,5.7
2014-01-25,0.053,0.005,0.9,0.008,39,1488.571429,7.857142857,657.1428571,3,190.4484127,300,0.430299714,2.17247449,1.82752551,4.2,-0.4,6.3
2014-01-26,0.03,0.016,0.4,0.006,29,1720.375,8.875,546.25,3,203.3835089,331.25,0.320924296,1.756051587,2.243948413,-2.1,-5.3,2.3
2014-01-27,0.052,0.005,0.6,0.008,29,1778.75,8.25,740,3,229.2651966,385,0.416552487,1.978992104,2.021007896,0.2,-5.4,6
2014-01-28,0.037,0.012,0.4,0.006,26,1742.727273,8.636363636,677.2727273,2.636363636,233.3366129,391.8181818,0.401653145,1.846356283,1.790007354,1.5,-3,4.6
2014-01-29,0.062,0.004,0.7,0.007,33,1874.444444,10,708.8888889,3.333333333,195.7655801,304.4444444,0.382943897,2.349328858,1.984004475,2.2,-5.3,8.2
2014-01-30,0.039,0.013,0.5,0.007,30,1566,8.333333333,543.7777778,2.888888889,210.963925,312.2222222,0.343063248,1.978164548,1.91072434,4,-1,6.5
2014-01-31,0.04,0.01,0.5,0.007,21,1684.090909,7.909090909,585.4545455,2.636363636,219.1635511,320,0.348830161,1.842944581,1.793419055,1.3,-4.3,7
2014-02-01,0.049,0.002,0.6,0.006,23,1679.411765,8.294117647,615.8823529,2.705882353,203.0809991,348.8235294,0.357024942,1.766948932,1.938933421,4.9,3.7,6
2014-02-02,0.04,0.006,0.6,0.006,18,1601.8,7.133333333,606.6666667,2.2,230.043747,353,0.373747021,1.717482576,1.482517424,4.9,2.8,6.5
2014-02-03,0.019,0.015,0.3,0.006,58,1662.5,8.7,591.5,2.8,203.3825397,337,0.356972878,1.728163923,2.071836077,-3.5,-8.2,2.8
2014-02-04,0.018,0.023,0.3,0.006,29,1495.25,8.166666667,538.3333333,2.833333333,189.97114,308.3333333,0.349227557,1.726634627,2.106698706,-7.4,-10.5,-3.7
2014-02-05,0.038,0.012,0.3,0.008,38,1741.111111,8.111111111,683.3333333,3,220.8263187,326.6666667,0.384479742,2.052963779,1.947036221,-4.8,-8.9,0.3
2014-02-06,0.054,0.006,0.5,0.008,36,1647.5,7.875,490,2,205.0406295,338.75,0.282928509,1.383681204,1.616318796,-1.3,-5.2,4.5
2014-02-07,0.033,0.014,0.3,0.006,15,1880.416667,8.916666667,648.3333333,3.083333333,214.6497565,378.3333333,0.356388617,1.779513301,2.303820033,2.4,-2,7.6
2014-02-08,0.028,0.016,0.3,0.005,9,1754.642857,8.214285714,520.3571429,2.285714286,224.7695063,348.5714286,0.29280591,1.472181875,1.813532411,0.2,-1.5,2.5
2014-02-09,0.025,0.019,0.4,0.006,16,1818.333333,7.533333333,590.3333333,2.4,250.850457,400,0.33779203,1.542685574,1.857314426,-1.6,-3.4,0.7
2014-02-10,0.035,0.016,0.3,0.006,21,1785,9.090909091,628.6363636,3,206.3576701,320,0.353723514,1.974951479,2.025048521,-0.1,-2.9,4.4
2014-02-11,0.037,0.014,0.2,0.006,17,1881.111111,8.777777778,563.3333333,2.555555556,214.4046016,336.6666667,0.302722405,1.646435533,1.909120022,0.2,-3.8,5.2
2014-02-12,0.045,0.008,0.2,0.006,21,1917.5,9,709.5,3,221.9482601,413,0.327688811,1.744893225,2.255106775,1.2,-2,5.1
2014-02-13,0.047,0.01,0.3,0.007,22,1767.142857,10,837.1428571,4.285714286,187.9244565,352.8571429,0.492845364,2.443368714,2.842345572,1.9,-2.1,6.5
2014-02-14,0.038,0.015,0.5,0.006,17,1695.416667,9.583333333,685.8333333,3.333333333,187.4933203,294.1666667,0.40552455,2.35848046,1.974852873,2.7,-0.7,7.6
2014-02-15,0.048,0.012,0.6,0.007,30,1520.625,8.25,588.3125,3.125,204.6019231,303.125,0.390094343,2.006876771,2.118123229,2.7,-1.9,8.5
2014-02-16,0.059,0.009,0.8,0.008,53,1599.142857,7.928571429,665.7142857,3.071428571,225.5229978,346.4285714,0.438628504,2.033487438,2.037941133,2.8,-1.1,8.1
2014-02-17,0.058,0.012,0.7,0.01,67,1792.333333,8.083333333,721.5,2.916666667,229.4258959,449.1666667,0.395235408,1.757842446,2.15882422,4.2,0.9,8.5
2014-02-18,0.032,0.019,0.4,0.006,21,1784,8.8,560,2.6,199.3406593,310,0.324838774,1.804940476,1.795059524,2.5,0.3,5.4
2014-02-19,0.043,0.01,0.5,0.006,28,1618,7.8,476,2.4,210.0577922,294,0.289304828,1.680929152,1.719070848,2.1,-1.9,6.7
2014-02-20,0.046,0.017,0.7,0.009,60,2005,13.5,675,4,162.6176471,350,0.342053196,1.928571429,3.071428571,1.2,-1.2,5.5
2014-02-21,0.047,0.018,0.7,0.008,57,1547.142857,8.714285714,641.4285714,3.142857143,186.4709884,315.7142857,0.38776864,1.963800125,2.179057018,0.9,-4,6.9
2014-02-22,0.062,0.016,0.9,0.01,81,1646.666667,9.166666667,530,2.833333333,183.0934343,336.6666667,0.322884498,1.563513514,2.26981982,2.2,-2.1,7.4
2014-02-23,0.058,0.017,0.9,0.011,87,2252,9.8,884,3.4,225.4257576,410,0.384075738,2.075,2.325,3.1,-1.8,8.5
2014-02-24,0.072,0.013,1.1,0.015,141,1460,9.333333333,680,2.666666667,167.2486772,303.3333333,0.437031564,2.107170099,1.559496568,4.1,-0.3,9.3
2014-02-25,0.08,0.011,1.2,0.014,148,1713.333333,8.666666667,516.6666667,2.666666667,211.4393939,333.3333333,0.295381635,1.517142857,2.14952381,5.7,0.6,12.3
2014-02-26,0.077,0.012,1.1,0.011,116,1502.5,6,615,2.25,256.0714286,355,0.413152133,1.761904762,1.488095238,8.4,1.4,16.4
2014-02-27,0.065,0.018,1,0.011,92,1815,7.5,525,2.5,247.5,340,0.277777778,1.569264069,1.930735931,7.7,3.8,13.1
2014-02-28,0.056,0.018,0.9,0.011,102,1905,7.5,425,1.5,265.8333333,390,0.221670802,1.065656566,1.434343434,6.7,1.3,12.3
2014-03-01,0.053,0.014,0.7,0.011,73,1580,8,600,3,197.5,300,0.379746835,2,2,6,3.3,9.4
2014-03-02,0.03,0.023,0.4,0.007,27,2000,9,450,2,222.2222222,300,0.225,1.5,1.5,4.5,-0.2,10.1
2014-03-03,0.048,0.019,0.6,0.01,47,2600,11,1050,4,236.3636364,350,0.403846154,3,2,5.2,-1,11.9
2014-03-04,0.065,0.018,1.1,0.012,69,1550,7,400,1,221.4285714,400,0.258064516,1,1,6.3,2.2,12.3
2014-03-05,0.017,0.028,0.3,0.007,34,2280,9,790,3,253.3333333,360,0.346491228,2.194444444,1.805555556,1.4,-1.4,5.3
2014-03-06,0.024,0.023,0.4,0.007,30,1230,8,630,3,153.75,250,0.512195122,2.52,1.48,0.3,-3,5
2014-03-07,0.024,0.024,0.4,0.007,28,2550,11,850,4,231.8181818,350,0.333333333,2.428571429,2.571428571,-0.6,-4.6,4.3
2014-03-08,0.034,0.018,0.5,0.008,35,1870,8,920,4,233.75,370,0.49197861,2.486486486,2.513513514,2,-2.2,7
2014-03-09,0.023,0.023,0.5,0.007,29,1600,7,550,2,228.5714286,300,0.34375,1.833333333,1.166666667,1.4,-1.6,4.8
2014-03-10,0.028,0.02,0.4,0.007,31,2740,10,870,3,274,500,0.317518248,1.74,2.26,1.5,-3.6,7.7
2014-03-11,0.049,0.012,0.6,0.009,42,1650,8,300,1,206.25,300,0.181818182,1,1,4.5,-0.9,9.4
2014-03-12,0.062,0.004,0.8,0.008,31,1950,7,450,2,278.5714286,400,0.230769231,1.125,1.875,6.9,4,9.5
2014-03-13,0.026,0.027,0.5,0.007,38,1830,9,550,3,203.3333333,300,0.300546448,1.833333333,2.166666667,5.2,1.6,8.3
2014-03-14,0.035,0.029,0.5,0.007,52,1900,10,750,3,190,300,0.394736842,2.5,1.5,3.4,-1.5,8.5
2014-03-15,0.033,0.033,0.5,0.009,84,2030,9,500,2,225.5555556,350,0.246305419,1.428571429,1.571428571,6.8,0.1,13.4
2014-03-16,0.031,0.036,0.6,0.009,80,2230,9,1030,3,247.7777778,430,0.461883408,2.395348837,1.604651163,11.3,5.7,18.5
2014-03-17,0.035,0.025,0.5,0.007,49,1550,8,800,3,193.75,350,0.516129032,2.285714286,1.714285714,12.6,6.9,19.4
2014-03-18,0.035,0.023,0.5,0.008,97,2000,9,550,2,222.2222222,350,0.275,1.571428571,1.428571429,10.5,7.7,16
2014-03-19,0.039,0.018,0.5,0.008,100,2130,8,1030,3,266.25,380,0.483568075,2.710526316,1.289473684,9.6,7.4,12.3
2014-03-20,0.037,0.02,0.4,0.008,53,2630,11,770,3,239.0909091,550,0.292775665,1.4,2.6,6.3,2.8,10.3
2014-03-21,0.024,0.026,0.3,0.007,26,2500,12,850,4,208.3333333,350,0.34,2.428571429,2.571428571,5.9,1.2,12
2014-03-22,0.038,0.023,0.5,0.009,45,2210,9,750,3,245.5555556,430,0.339366516,1.744186047,2.255813953,8.6,2.3,15.5
2014-03-23,0.037,0.034,0.6,0.01,64,2050,9,700,3,227.7777778,350,0.341463415,2,2,9.6,4.6,15.5
2014-03-24,0.038,0.031,0.5,0.009,47,2580,11,980,4,234.5454545,350,0.379844961,2.8,2.2,10.9,4.6,15.3
2014-03-25,0.032,0.024,0.4,0.007,46,1770,7,550,3,252.8571429,670,0.310734463,0.820895522,3.179104478,14.6,11.9,18.2
2014-03-26,0.046,0.018,0.5,0.009,52,1250,7,450,2,178.5714286,250,0.36,1.8,1.2,15.4,11.8,21.9
2014-03-27,0.053,0.02,0.6,0.01,68,1280,6,880,3,213.3333333,350,0.6875,2.514285714,1.485714286,13.5,7.7,20.4
2014-03-28,0.033,0.039,0.6,0.009,85,2120,9,850,3,235.5555556,350,0.400943396,2.428571429,1.571428571,16.6,11.3,23.8
2014-03-29,0.041,0.024,0.5,0.008,45,1740,8,970,4,217.5,350,0.557471264,2.771428571,2.228571429,15,13.2,18
2014-03-30,0.022,0.033,0.4,0.007,35,2250,10,600,3,225,350,0.266666667,1.714285714,2.285714286,14.9,10.2,20.6
2014-03-31,0.046,0.019,0.6,0.008,50,1450,7,700,2,207.1428571,350,0.482758621,2,1,14.5,8.8,20.2
2014-04-01,0.052,0.018,0.6,0.008,51,2750,12,900,4,229.1666667,400,0.327272727,2.25,2.75,15.6,9.5,23
2014-04-02,0.057,0.022,0.5,0.009,49,2100,9,800,3,233.3333333,400,0.380952381,2,2,15.5,9.9,21.9
2014-04-03,0.045,0.021,0.5,0.008,47,1720,8,600,3,215,350,0.348837209,1.714285714,2.285714286,10.2,5.5,13.6
2014-04-04,0.023,0.028,0.3,0.006,18,1100,6,150,1,183.3333333,250,0.136363636,0.6,1.4,6.6,2.3,11.7
2014-04-05,0.027,0.026,0.4,0.006,34,2170,10,870,3,217,420,0.400921659,2.071428571,1.928571429,6.2,3.5,11
2014-04-06,0.017,0.03,0.3,0.006,31,2100,10,600,3,210,350,0.285714286,1.714285714,2.285714286,7.4,2.3,12.8
2014-04-07,0.032,0.028,0.5,0.008,50,1800,9,700,3,200,350,0.388888889,2,2,10.3,4.9,16.7
2014-04-08,0.046,0.023,0.4,0.008,37,1910,9.333333333,743.3333333,3.333333333,204.9259259,348.3333333,0.389743027,2.168253968,2.165079365,11.9,5.7,19.7
2014-04-09,0.054,0.015,0.5,0.007,59,1820,10,1120,5,182,320,0.615384615,3.5,2.5,10.3,7,15.3
2014-04-10,0.053,0.018,0.5,0.008,59,1720,8,370,2,215,350,0.215116279,1.057142857,1.942857143,12.5,7.2,20
2014-04-11,0.052,0.018,0.6,0.008,62,1850,9,800,4,205.5555556,300,0.432432432,2.666666667,2.333333333,13.6,10.1,18.7
2014-04-12,0.07,0.006,0.8,0.01,72,2030,10,350,2,203,350,0.172413793,1,2,14.3,11.1,17.2
2014-04-13,0.05,0.027,0.6,0.008,70,1780,8,750,3,222.5,350,0.421348315,2.142857143,1.857142857,17.2,13.2,24.3
2014-04-14,0.046,0.03,0.5,0.008,59,1300,7,800,4,185.7142857,350,0.615384615,2.285714286,2.714285714,16.3,12.1,22.4
2014-04-15,0.036,0.026,0.5,0.009,61,2200,12,950,5,183.3333333,250,0.431818182,3.8,2.2,12.9,9.3,16.8
2014-04-16,0.04,0.025,0.7,0.011,122,1250,7,600,3,178.5714286,250,0.48,2.4,1.6,14,10,19.4
2014-04-17,0.054,0.024,0.6,0.008,58,1280,7,750,4,182.8571429,350,0.5859375,2.142857143,2.857142857,14.7,8.4,20.9
2014-04-18,0.044,0.025,0.5,0.007,60,2330,11,750,3,211.8181818,400,0.321888412,1.875,2.125,15.9,12,23
2014-04-19,0.032,0.026,0.4,0.006,44,1550,8,700,3,193.75,350,0.451612903,2,2,14,11.4,18.4
2014-04-20,0.02,0.04,0.3,0.006,39,750,5,300,2,150,200,0.4,1.5,1.5,14.6,10,21.6
2014-04-21,0.034,0.034,0.5,0.007,53,1450,8,350,2,181.25,250,0.24137931,1.4,1.6,15.1,9.8,21.4
2014-04-22,0.042,0.031,0.5,0.008,53,2050,10,850,4,205,350,0.414634146,2.428571429,2.571428571,16,9.6,23.3
2014-04-23,0.04,0.04,0.6,0.01,76,2000,10,700,4,200,350,0.35,2,3,17.2,10.4,24.9
2014-04-24,0.045,0.033,0.7,0.009,100,1250,7,600,3,178.5714286,200,0.48,3,1,18.6,12.1,26.2
